number,image,caption,,,
1,https://raw.githubusercontent.com/Siyun37/Gangmiban/main/images/01.jpg,https://raw.githubusercontent.com/Siyun37/Gangmiban/main/captions/01.PNG,,,
2,https://raw.githubusercontent.com/Siyun37/Gangmiban/main/images/02.jpg,https://raw.githubusercontent.com/Siyun37/Gangmiban/main/captions/02.PNG,,,
3,https://raw.githubusercontent.com/Siyun37/Gangmiban/main/images/03.jpg,https://raw.githubusercontent.com/Siyun37/Gangmiban/main/captions/03.PNG,,,
4,https://raw.githubusercontent.com/Siyun37/Gangmiban/main/images/04.jpg,https://raw.githubusercontent.com/Siyun37/Gangmiban/main/captions/04.PNG,,,
5,https://raw.githubusercontent.com/Siyun37/Gangmiban/main/images/05.jpg,https://raw.githubusercontent.com/Siyun37/Gangmiban/main/captions/05.PNG,,,
6,https://raw.githubusercontent.com/Siyun37/Gangmiban/main/images/06.jpg,https://raw.githubusercontent.com/Siyun37/Gangmiban/main/captions/06.PNG,,,
7,https://raw.githubusercontent.com/Siyun37/Gangmiban/main/images/07.jpg,https://raw.githubusercontent.com/Siyun37/Gangmiban/main/captions/07.PNG,,,
8,https://raw.githubusercontent.com/Siyun37/Gangmiban/main/images/08.jpg,https://raw.githubusercontent.com/Siyun37/Gangmiban/main/captions/08.PNG,,,
9,https://raw.githubusercontent.com/Siyun37/Gangmiban/main/images/09.jpg,https://raw.githubusercontent.com/Siyun37/Gangmiban/main/captions/09.PNG,,,
10,https://raw.githubusercontent.com/Siyun37/Gangmiban/main/images/10.jpg,https://raw.githubusercontent.com/Siyun37/Gangmiban/main/captions/10.PNG,,,
11,https://raw.githubusercontent.com/Siyun37/Gangmiban/main/images/11.jpg,https://raw.githubusercontent.com/Siyun37/Gangmiban/main/captions/11.PNG,,,
12,https://raw.githubusercontent.com/Siyun37/Gangmiban/main/images/12.jpg,https://raw.githubusercontent.com/Siyun37/Gangmiban/main/captions/12.PNG,,,
13,https://raw.githubusercontent.com/Siyun37/Gangmiban/main/images/13.jpg,https://raw.githubusercontent.com/Siyun37/Gangmiban/main/captions/13.PNG,,,
14,https://raw.githubusercontent.com/Siyun37/Gangmiban/main/images/14.jpg,https://raw.githubusercontent.com/Siyun37/Gangmiban/main/captions/14.PNG,,,
15,https://raw.githubusercontent.com/Siyun37/Gangmiban/main/images/15.jpg,https://raw.githubusercontent.com/Siyun37/Gangmiban/main/captions/15.PNG,,,
16,https://raw.githubusercontent.com/Siyun37/Gangmiban/main/images/16.jpg,https://raw.githubusercontent.com/Siyun37/Gangmiban/main/captions/16.PNG,,,
17,https://raw.githubusercontent.com/Siyun37/Gangmiban/main/images/17.jpg,https://raw.githubusercontent.com/Siyun37/Gangmiban/main/captions/17.PNG,,,
18,https://raw.githubusercontent.com/Siyun37/Gangmiban/main/images/18.jpg,https://raw.githubusercontent.com/Siyun37/Gangmiban/main/captions/18.PNG,,,
19,https://raw.githubusercontent.com/Siyun37/Gangmiban/main/images/19.jpg,https://raw.githubusercontent.com/Siyun37/Gangmiban/main/captions/19.PNG,,,
20,https://raw.githubusercontent.com/Siyun37/Gangmiban/main/images/20.jpg,https://raw.githubusercontent.com/Siyun37/Gangmiban/main/captions/20.PNG,,,
21,https://raw.githubusercontent.com/Siyun37/Gangmiban/main/images/21.jpg,https://raw.githubusercontent.com/Siyun37/Gangmiban/main/captions/21.PNG,,,
22,https://raw.githubusercontent.com/Siyun37/Gangmiban/main/images/22.jpg,https://raw.githubusercontent.com/Siyun37/Gangmiban/main/captions/22.PNG,,,
23,https://raw.githubusercontent.com/Siyun37/Gangmiban/main/images/23.jpg,https://raw.githubusercontent.com/Siyun37/Gangmiban/main/captions/23.PNG,,,
24,https://raw.githubusercontent.com/Siyun37/Gangmiban/main/images/24.jpg,https://raw.githubusercontent.com/Siyun37/Gangmiban/main/captions/24.PNG,,,
25,https://raw.githubusercontent.com/Siyun37/Gangmiban/main/images/25.jpg,https://raw.githubusercontent.com/Siyun37/Gangmiban/main/captions/25.PNG,,,
26,https://raw.githubusercontent.com/Siyun37/Gangmiban/main/images/26.jpg,https://raw.githubusercontent.com/Siyun37/Gangmiban/main/captions/26.PNG,,,
27,https://raw.githubusercontent.com/Siyun37/Gangmiban/main/images/27.jpg,https://raw.githubusercontent.com/Siyun37/Gangmiban/main/captions/27.PNG,,,
28,https://raw.githubusercontent.com/Siyun37/Gangmiban/main/images/28.jpg,https://raw.githubusercontent.com/Siyun37/Gangmiban/main/captions/28.PNG,,,
29,https://raw.githubusercontent.com/Siyun37/Gangmiban/main/images/29.jpg,https://raw.githubusercontent.com/Siyun37/Gangmiban/main/captions/29.PNG,,,
30,https://raw.githubusercontent.com/Siyun37/Gangmiban/main/images/30.jpg,https://raw.githubusercontent.com/Siyun37/Gangmiban/main/captions/30.PNG,,,
31,https://raw.githubusercontent.com/Siyun37/Gangmiban/main/images/31.jpg,https://raw.githubusercontent.com/Siyun37/Gangmiban/main/captions/31.PNG,,,
32,https://raw.githubusercontent.com/Siyun37/Gangmiban/main/images/32.jpg,https://raw.githubusercontent.com/Siyun37/Gangmiban/main/captions/32.PNG,,,
33,https://raw.githubusercontent.com/Siyun37/Gangmiban/main/images/33.jpg,https://raw.githubusercontent.com/Siyun37/Gangmiban/main/captions/33.PNG,,,
34,https://raw.githubusercontent.com/Siyun37/Gangmiban/main/images/34.jpg,https://raw.githubusercontent.com/Siyun37/Gangmiban/main/captions/34.PNG,,,
35,https://raw.githubusercontent.com/Siyun37/Gangmiban/main/images/35.jpg,https://raw.githubusercontent.com/Siyun37/Gangmiban/main/captions/35.PNG,,,
